"Page","Href"
"404.html","/"
"404.html","/about/"
"404.html","/alerts/"
"404.html","/blog/"
"404.html","/contact/"
"404.html","/health.txt"
"404.html","/sitemap.xml"
"404.html","/sops/"
"404.html","/style-preview/"
"404.html","/tools/"
"404.html","/wiki/"
"about/index.html","/"
"about/index.html","/about/"
"about/index.html","/alerts/"
"about/index.html","/blog/"
"about/index.html","/contact/"
"about/index.html","/health.txt"
"about/index.html","/sops/"
"about/index.html","/tools/"
"about/index.html","/wiki/"
"alerts/index.html","/"
"alerts/index.html","/about/"
"alerts/index.html","/alerts/"
"alerts/index.html","/blog/"
"alerts/index.html","/contact/"
"alerts/index.html","/health.txt"
"alerts/index.html","/sops/"
"alerts/index.html","/tools/"
"alerts/index.html","/wiki/"
"blog/index.html","/"
"blog/index.html","/about/"
"blog/index.html","/alerts/"
"blog/index.html","/blog/"
"blog/index.html","/contact/"
"blog/index.html","/health.txt"
"blog/index.html","/sops/"
"blog/index.html","/tools/"
"blog/index.html","/wiki/"
"contact/index.html","/"
"contact/index.html","/about/"
"contact/index.html","/alerts/"
"contact/index.html","/blog/"
"contact/index.html","/contact/"
"contact/index.html","/health.txt"
"contact/index.html","/sops/"
"contact/index.html","/tools/"
"contact/index.html","/wiki/"
"index.html","/"
"index.html","/about/"
"index.html","/alerts/"
"index.html","/blog/"
"index.html","/contact/"
"index.html","/sops/"
"index.html","/tools/"
"index.html","/wiki/"
"sops/index.html","/"
"sops/index.html","/about/"
"sops/index.html","/alerts/"
"sops/index.html","/blog/"
"sops/index.html","/contact/"
"sops/index.html","/health.txt"
"sops/index.html","/sops/"
"sops/index.html","/tools/"
"sops/index.html","/wiki/"
"style-preview/index.html","/"
"tools/index.html","/"
"tools/index.html","/about/"
"tools/index.html","/alerts/"
"tools/index.html","/blog/"
"tools/index.html","/contact/"
"tools/index.html","/health.txt"
"tools/index.html","/sops/"
"tools/index.html","/tools/"
"tools/index.html","/wiki/"
"wiki/colony-health/disease-and-pests/index.html","/"
"wiki/colony-health/disease-and-pests/index.html","/about/"
"wiki/colony-health/disease-and-pests/index.html","/alerts/"
"wiki/colony-health/disease-and-pests/index.html","/blog/"
"wiki/colony-health/disease-and-pests/index.html","/contact/"
"wiki/colony-health/disease-and-pests/index.html","/sops/"
"wiki/colony-health/disease-and-pests/index.html","/tools/"
"wiki/colony-health/disease-and-pests/index.html","/wiki/"
"wiki/colony-health/index.html","/"
"wiki/colony-health/index.html","/about/"
"wiki/colony-health/index.html","/alerts/"
"wiki/colony-health/index.html","/blog/"
"wiki/colony-health/index.html","/contact/"
"wiki/colony-health/index.html","/sops/"
"wiki/colony-health/index.html","/tools/"
"wiki/colony-health/index.html","/wiki/"
"wiki/colony-health/nutrition-and-forage/index.html","/"
"wiki/colony-health/nutrition-and-forage/index.html","/about/"
"wiki/colony-health/nutrition-and-forage/index.html","/alerts/"
"wiki/colony-health/nutrition-and-forage/index.html","/blog/"
"wiki/colony-health/nutrition-and-forage/index.html","/contact/"
"wiki/colony-health/nutrition-and-forage/index.html","/sops/"
"wiki/colony-health/nutrition-and-forage/index.html","/tools/"
"wiki/colony-health/nutrition-and-forage/index.html","/wiki/"
"wiki/colony-health/queen-and-brood/index.html","/"
"wiki/colony-health/queen-and-brood/index.html","/about/"
"wiki/colony-health/queen-and-brood/index.html","/alerts/"
"wiki/colony-health/queen-and-brood/index.html","/blog/"
"wiki/colony-health/queen-and-brood/index.html","/contact/"
"wiki/colony-health/queen-and-brood/index.html","/sops/"
"wiki/colony-health/queen-and-brood/index.html","/tools/"
"wiki/colony-health/queen-and-brood/index.html","/wiki/"
"wiki/community-and-policy/education-and-outreach/index.html","/"
"wiki/community-and-policy/education-and-outreach/index.html","/about/"
"wiki/community-and-policy/education-and-outreach/index.html","/alerts/"
"wiki/community-and-policy/education-and-outreach/index.html","/blog/"
"wiki/community-and-policy/education-and-outreach/index.html","/contact/"
"wiki/community-and-policy/education-and-outreach/index.html","/sops/"
"wiki/community-and-policy/education-and-outreach/index.html","/tools/"
"wiki/community-and-policy/education-and-outreach/index.html","/wiki/"
"wiki/community-and-policy/index.html","/"
"wiki/community-and-policy/index.html","/about/"
"wiki/community-and-policy/index.html","/alerts/"
"wiki/community-and-policy/index.html","/blog/"
"wiki/community-and-policy/index.html","/contact/"
"wiki/community-and-policy/index.html","/sops/"
"wiki/community-and-policy/index.html","/tools/"
"wiki/community-and-policy/index.html","/wiki/"
"wiki/community-and-policy/local-networks/index.html","/"
"wiki/community-and-policy/local-networks/index.html","/about/"
"wiki/community-and-policy/local-networks/index.html","/alerts/"
"wiki/community-and-policy/local-networks/index.html","/blog/"
"wiki/community-and-policy/local-networks/index.html","/contact/"
"wiki/community-and-policy/local-networks/index.html","/sops/"
"wiki/community-and-policy/local-networks/index.html","/tools/"
"wiki/community-and-policy/local-networks/index.html","/wiki/"
"wiki/community-and-policy/regulatory/index.html","/"
"wiki/community-and-policy/regulatory/index.html","/about/"
"wiki/community-and-policy/regulatory/index.html","/alerts/"
"wiki/community-and-policy/regulatory/index.html","/blog/"
"wiki/community-and-policy/regulatory/index.html","/contact/"
"wiki/community-and-policy/regulatory/index.html","/sops/"
"wiki/community-and-policy/regulatory/index.html","/tools/"
"wiki/community-and-policy/regulatory/index.html","/wiki/"
"wiki/data-and-sensing/analysis-and-standards/index.html","/"
"wiki/data-and-sensing/analysis-and-standards/index.html","/about/"
"wiki/data-and-sensing/analysis-and-standards/index.html","/alerts/"
"wiki/data-and-sensing/analysis-and-standards/index.html","/blog/"
"wiki/data-and-sensing/analysis-and-standards/index.html","/contact/"
"wiki/data-and-sensing/analysis-and-standards/index.html","/sops/"
"wiki/data-and-sensing/analysis-and-standards/index.html","/tools/"
"wiki/data-and-sensing/analysis-and-standards/index.html","/wiki/"
"wiki/data-and-sensing/field-logs/index.html","/"
"wiki/data-and-sensing/field-logs/index.html","/about/"
"wiki/data-and-sensing/field-logs/index.html","/alerts/"
"wiki/data-and-sensing/field-logs/index.html","/blog/"
"wiki/data-and-sensing/field-logs/index.html","/contact/"
"wiki/data-and-sensing/field-logs/index.html","/sops/"
"wiki/data-and-sensing/field-logs/index.html","/tools/"
"wiki/data-and-sensing/field-logs/index.html","/wiki/"
"wiki/data-and-sensing/index.html","/"
"wiki/data-and-sensing/index.html","/about/"
"wiki/data-and-sensing/index.html","/alerts/"
"wiki/data-and-sensing/index.html","/blog/"
"wiki/data-and-sensing/index.html","/contact/"
"wiki/data-and-sensing/index.html","/sops/"
"wiki/data-and-sensing/index.html","/tools/"
"wiki/data-and-sensing/index.html","/wiki/"
"wiki/data-and-sensing/sensors-and-telemetry/index.html","/"
"wiki/data-and-sensing/sensors-and-telemetry/index.html","/about/"
"wiki/data-and-sensing/sensors-and-telemetry/index.html","/alerts/"
"wiki/data-and-sensing/sensors-and-telemetry/index.html","/blog/"
"wiki/data-and-sensing/sensors-and-telemetry/index.html","/contact/"
"wiki/data-and-sensing/sensors-and-telemetry/index.html","/sops/"
"wiki/data-and-sensing/sensors-and-telemetry/index.html","/tools/"
"wiki/data-and-sensing/sensors-and-telemetry/index.html","/wiki/"
"wiki/foundations/bees-and-biology/index.html","/"
"wiki/foundations/bees-and-biology/index.html","/about/"
"wiki/foundations/bees-and-biology/index.html","/alerts/"
"wiki/foundations/bees-and-biology/index.html","/blog/"
"wiki/foundations/bees-and-biology/index.html","/contact/"
"wiki/foundations/bees-and-biology/index.html","/sops/"
"wiki/foundations/bees-and-biology/index.html","/tools/"
"wiki/foundations/bees-and-biology/index.html","/wiki/"
"wiki/foundations/glossary/index.html","/"
"wiki/foundations/glossary/index.html","/about/"
"wiki/foundations/glossary/index.html","/alerts/"
"wiki/foundations/glossary/index.html","/blog/"
"wiki/foundations/glossary/index.html","/contact/"
"wiki/foundations/glossary/index.html","/sops/"
"wiki/foundations/glossary/index.html","/tools/"
"wiki/foundations/glossary/index.html","/wiki/"
"wiki/foundations/index.html","/"
"wiki/foundations/index.html","/about/"
"wiki/foundations/index.html","/alerts/"
"wiki/foundations/index.html","/blog/"
"wiki/foundations/index.html","/contact/"
"wiki/foundations/index.html","/sops/"
"wiki/foundations/index.html","/tools/"
"wiki/foundations/index.html","/wiki/"
"wiki/foundations/seasonal-calendar/index.html","/"
"wiki/foundations/seasonal-calendar/index.html","/about/"
"wiki/foundations/seasonal-calendar/index.html","/alerts/"
"wiki/foundations/seasonal-calendar/index.html","/blog/"
"wiki/foundations/seasonal-calendar/index.html","/contact/"
"wiki/foundations/seasonal-calendar/index.html","/sops/"
"wiki/foundations/seasonal-calendar/index.html","/tools/"
"wiki/foundations/seasonal-calendar/index.html","/wiki/"
"wiki/index.html","/"
"wiki/index.html","/about/"
"wiki/index.html","/alerts/"
"wiki/index.html","/blog/"
"wiki/index.html","/contact/"
"wiki/index.html","/sops/"
"wiki/index.html","/tools/"
"wiki/index.html","/wiki/"
"wiki/index.html","/wiki/colony-health/"
"wiki/index.html","/wiki/colony-health/disease-and-pests/"
"wiki/index.html","/wiki/colony-health/nutrition-and-forage/"
"wiki/index.html","/wiki/colony-health/queen-and-brood/"
"wiki/index.html","/wiki/community-and-policy/"
"wiki/index.html","/wiki/community-and-policy/education-and-outreach/"
"wiki/index.html","/wiki/community-and-policy/local-networks/"
"wiki/index.html","/wiki/community-and-policy/regulatory/"
"wiki/index.html","/wiki/data-and-sensing/"
"wiki/index.html","/wiki/data-and-sensing/analysis-and-standards/"
"wiki/index.html","/wiki/data-and-sensing/field-logs/"
"wiki/index.html","/wiki/data-and-sensing/sensors-and-telemetry/"
"wiki/index.html","/wiki/foundations/"
"wiki/index.html","/wiki/foundations/bees-and-biology/"
"wiki/index.html","/wiki/foundations/glossary/"
"wiki/index.html","/wiki/foundations/seasonal-calendar/"
"wiki/index.html","/wiki/operations/"
"wiki/index.html","/wiki/operations/harvest-and-processing/"
"wiki/index.html","/wiki/operations/hives-and-hardware/"
"wiki/index.html","/wiki/operations/inspections/"
"wiki/operations/harvest-and-processing/index.html","/"
"wiki/operations/harvest-and-processing/index.html","/about/"
"wiki/operations/harvest-and-processing/index.html","/alerts/"
"wiki/operations/harvest-and-processing/index.html","/blog/"
"wiki/operations/harvest-and-processing/index.html","/contact/"
"wiki/operations/harvest-and-processing/index.html","/sops/"
"wiki/operations/harvest-and-processing/index.html","/tools/"
"wiki/operations/harvest-and-processing/index.html","/wiki/"
"wiki/operations/hives-and-hardware/index.html","/"
"wiki/operations/hives-and-hardware/index.html","/about/"
"wiki/operations/hives-and-hardware/index.html","/alerts/"
"wiki/operations/hives-and-hardware/index.html","/blog/"
"wiki/operations/hives-and-hardware/index.html","/contact/"
"wiki/operations/hives-and-hardware/index.html","/sops/"
"wiki/operations/hives-and-hardware/index.html","/tools/"
"wiki/operations/hives-and-hardware/index.html","/wiki/"
"wiki/operations/index.html","/"
"wiki/operations/index.html","/about/"
"wiki/operations/index.html","/alerts/"
"wiki/operations/index.html","/blog/"
"wiki/operations/index.html","/contact/"
"wiki/operations/index.html","/sops/"
"wiki/operations/index.html","/tools/"
"wiki/operations/index.html","/wiki/"
"wiki/operations/inspections/index.html","/"
"wiki/operations/inspections/index.html","/about/"
"wiki/operations/inspections/index.html","/alerts/"
"wiki/operations/inspections/index.html","/blog/"
"wiki/operations/inspections/index.html","/contact/"
"wiki/operations/inspections/index.html","/sops/"
"wiki/operations/inspections/index.html","/tools/"
"wiki/operations/inspections/index.html","/wiki/"
